


USE cs6400_Sp21_team052
GO


--
INSERT dbo.[Date]([Date]) VALUES
('2021-01-01'),
('2021-01-02'),
('2021-01-03'),
('2021-01-04'),
('2021-01-05'),
('2021-01-06'),
('2021-01-07'),
('2021-01-08'),
('2021-01-09'),
('2021-01-10'),
('2021-01-11'),
('2021-01-12'),
('2021-01-13'),
('2021-01-14'),
('2021-01-15'),
('2021-01-16'),
('2021-01-17'),
('2021-01-18'),
('2021-01-19'),
('2021-01-20'),
('2021-01-21'),
('2021-01-22'),
('2021-01-23'),
('2021-01-24'),
('2021-01-25'),
('2021-01-26'),
('2021-01-27'),
('2021-01-28'),
('2021-01-29'),
('2021-01-30'),
('2021-01-31'),
('2021-02-01'),
('2021-02-02'),
('2021-02-03'),
('2021-02-04'),
('2021-02-05'),
('2021-02-06'),
('2021-02-07'),
('2021-02-08'),
('2021-02-09'),
('2021-02-10'),
('2021-02-11'),
('2021-02-12'),
('2021-02-13'),
('2021-02-14'),
('2021-02-15'),
('2021-02-16'),
('2021-02-17'),
('2021-02-18'),
('2021-02-19'),
('2021-02-20'),
('2021-02-21'),
('2021-02-22'),
('2021-02-23'),
('2021-02-24'),
('2021-02-25'),
('2021-02-26'),
('2021-02-27'),
('2021-02-28'),
('2020-02-02'),
('2019-02-02'),
('2018-02-02')


GO

--
-- Inserting data into table dbo.Limit
--
INSERT dbo.Limit(Limit_Mins) VALUES
(5),
(10),
(15),
(20),
(25),
(30),
(35),
(40),
(45),
(50),
(55),
(60)
GO

--
-- Inserting data into table dbo.Product
--
INSERT dbo.Product(PID, Product_Name, Retail_Price) VALUES

('PID1','Product1',783),
('PID2','Product2',774),
('PID3','Product3',675),
('PID4','Product4',501),
('PID5','Product5',906),
('PID6','Product6',917),
('PID7','Product7',842),
('PID8','Product8',735),
('PID9','Product9',883),
('PID10','Product10',749),
('PID11','Product11',561),
('PID12','Product12',966),
('PID13','Product13',847),
('PID14','Product14',506),
('PID15','Product15',825),
('PID16','Product16',795),
('PID17','Product17',837),
('PID18','Product18',551),
('PID19','Product19',808),
('PID20','Product20',962),
('PID21','Product21',833),
('PID22','Product22',924),
('PID23','Product23',988),
('PID24','Product24',948),
('PID25','Product25',756),
('PID26','Product26',716),
('PID27','Product27',577),
('PID28','Product28',566),
('PID29','Product29',714),
('PID30','Product30',908),
('PID31','Product31',775),
('PID32','Product32',718),
('PID33','Product33',638),
('PID34','Product34',924),
('PID35','Product35',789),
('PID36','Product36',779),
('PID37','Product37',776),
('PID38','Product38',519),
('PID39','Product39',703),
('PID40','Product40',863),
('PID41','Product41',879),
('PID42','Product42',734),
('PID43','Product43',652),
('PID44','Product44',907),
('PID45','Product45',524),
('PID46','Product46',535),
('PID47','Product47',912),
('PID48','Product48',598),
('PID49','Product49',751),
('PID50','Product50',929)


GO

--
-- Inserting data into table dbo.State
--
INSERT dbo.State(State_Name) VALUES
('Alabama'),
('Alaska'),
('Arizona'),
('Arkansas'),
('California'),
('Colorado'),
('Connecticut'),
('Delaware'),
('Florida'),
('Georgia'),
('Hawaii'),
('Idaho'),
('Illinois'),
('Indiana'),
('Iowa'),
('Kansas'),
('Kentucky'),
('Louisiana'),
('Maine'),
('Maryland'),
('Massachusetts'),
('Michigan'),
('Minnesota'),
('Mississippi'),
('Missouri'),
('Montana'),
('Nebraska'),
('Nevada'),
('New Hampshire'),
('New Jersey'),
('New Mexico'),
('New York'),
('North Carolina'),
('North Dakota'),
('Ohio'),
('Oklahoma'),
('Oregon'),
('Pennsylvania'),
('Rhode Island'),
('South Carolina'),
('South Dakota'),
('Tennessee'),
('Texas'),
('Utah'),
('Vermont'),
('Virginia'),
('Washington'),
('West Virginia'),
('Wisconsin'),
('Wyoming')



GO

--
-- Inserting data into table dbo.City
--
INSERT dbo.City(City_Name, State_Name, [Population]) VALUES

('New York City','New York',84193160),
('Los Angeles','California',39669360),
('Chicago','Illinois',27095340),
('Houston','Texas',23202680),
('Phoenix','Arizona',16809920),
('Philadelphia','Pennsylvania',15840640),
('San Antonio','Texas',15472530),
('San Diego','California',14095730),
('Dallas','Texas',13435730),
('San Jose','California',10276900),
('Austin','Texas',9789080),
('Jacksonville','Florida',9115070),
('Fort Worth','Texas',9095850),
('Columbus','Ohio',8985530),
('Charlotte','North Carolina',8857080),
('San Francisco','California',8815490),
('Indianapolis','Indiana',8763840),
('Seattle','Washington',7536750),
('Denver','Colorado',7272110),
('Boston','Massachusetts',6926000),
('El Paso','Texas',6817280),
('Nashville','Tennessee',6708200),
('Detroit','Michigan',6700310),
('Oklahoma City','Oklahoma',6550570),
('Portland','Oregon',6547410),
('Las Vegas','Nevada',6513190),
('Memphis','Tennessee',6510730),
('Louisville','Kentucky',6176380),
('Baltimore','Maryland',5934900),
('Milwaukee','Wisconsin',5901570),
('Albuquerque','New Mexico',5605130),
('Tucson','Arizona',5480730),
('Fresno','California',5315760),
('Mesa','Arizona',5180120),
('Sacramento','California',5136240),
('Atlanta','Georgia',5068110),
('Kansas City','Missouri',4953270),
('Colorado Springs','Colorado',4782210),
('Omaha','Nebraska',4781920),
('Raleigh','North Carolina',4740690),
('Miami','Florida',4679630),
('Long Beach','California',4626280),
('Virginia Beach','Virginia',4499740),
('Oakland','California',4330310),
('Minneapolis','Minnesota',4296060),
('Tulsa','Oklahoma',4011900),
('Tampa','Florida',3997000),
('Arlington','Texas',3988540),
('New Orleans','Louisiana',3901440),
('Wichita','Kansas',3899380),
('Bakersfield','California',3841450),
('Cleveland','Ohio',3810090),
('Aurora','Colorado',3792890),
('Anaheim','California',3503650),
('Honolulu','Hawaii',3450640),
('Santa Ana','California',3323180),
('Riverside','California',3313600),
('Corpus Christi','Texas',3265860),
('Lexington','Kentucky',3231520),
('Henderson','Nevada',3201890),
('Stockton','California',3126970),
('Saint Paul','Minnesota',3080960),
('Cincinnati','Ohio',3039400),
('St. Louis','Missouri',3005760),
('Pittsburgh','Pennsylvania',3002860),
('Greensboro','North Carolina',2967100),
('Lincoln','Nebraska',2891020),
('Anchorage','Alaska',2880000),
('Plano','Texas',2876770),
('Orlando','Florida',2874420),
('Irvine','California',2874010),
('Newark','New Jersey',2820110),
('Durham','North Carolina',2789930),
('Chula Vista','California',2744920),
('Toledo','Ohio',2727790),
('Fort Wayne','Indiana',2704020),
('St. Petersburg','Florida',2653510),
('Laredo','Texas',2624910),
('Jersey City','New Jersey',2620750),
('Chandler','Arizona',2611650),
('Madison','Wisconsin',2596800),
('Lubbock','Texas',2588620),
('Scottsdale','Arizona',2580690),
('Reno','Nevada',2556010),
('Buffalo','New York',2552840),
('Gilbert','Arizona',2541140),
('Glendale','Arizona',2523810),
('North Las Vegas','Nevada',2519740),
('Winston–Salem','North Carolina',2479450),
('Chesapeake','Virginia',2448350),
('Norfolk','Virginia',2427420),
('Fremont','California',2411100),
('Garland','Texas',2399280),
('Irving','Texas',2397980),
('Hialeah','Florida',2333390),
('Richmond','Virginia',2304360),
('Boise','Idaho',2289590),
('Spokane','Washington',2220810),
('Baton Rouge','Louisiana',2202360),
('Tacoma','Washington',2178270),
('San Bernardino','California',2157840),
('Modesto','California',2151960),
('Fontana','California',2145470),
('Des Moines','Iowa',2142370),
('Moreno Valley','California',2130550),
('Santa Clarita','California',2129790),
('Fayetteville','North Carolina',2116570),
('Birmingham','Alabama',2094030),
('Oxnard','California',2088810),
('Rochester','New York',2056950),
('Port St. Lucie','Florida',2018460),
('Grand Rapids','Michigan',2010130),
('Huntsville','Alabama',2005740),
('Salt Lake City','Utah',2005670),
('Frisco','Texas',2004900),
('Yonkers','New York',2003700),
('Amarillo','Texas',1993710),
('Glendale','California',1993030),
('Huntington Beach','California',1992230),
('McKinney','Texas',1991770),
('Montgomery','Alabama',1985250),
('Augusta','Georgia',1978880),
('Aurora','Illinois',1977570),
('Akron','Ohio',1975970),
('Little Rock','Arkansas',1973120),
('Tempe','Arizona',1958050),
('Columbus','Georgia',1957690),
('Overland Park','Kansas',1954940),
('Grand Prairie','Texas',1945430),
('Tallahassee','Florida',1945000),
('Cape Coral','Florida',1944950),
('Mobile','Alabama',1887200),
('Knoxville','Tennessee',1876030),
('Shreveport','Louisiana',1871120),
('Worcester','Massachusetts',1854280),
('Ontario','California',1850100),
('Vancouver','Washington',1844630),
('Sioux Falls','South Dakota',1837930),
('Chattanooga','Tennessee',1827990),
('Brownsville','Texas',1827810),
('Fort Lauderdale','Florida',1824370),
('Providence','Rhode Island',1798830),
('Newport News','Virginia',1792250),
('Rancho Cucamonga','California',1776030),
('Santa Rosa','California',1767530),
('Peoria','Arizona',1759610),
('Oceanside','California',1757420),
('Elk Grove','California',1747750),
('Salem','Oregon',1743650),
('Pembroke Pines','Florida',1735910),
('Eugene','Oregon',1726220),
('Garden Grove','California',1716440),
('Cary','North Carolina',1702820),
('Fort Collins','Colorado',1702430),
('Corona','California',1698680),
('Springfield','Missouri',1678820),
('Jackson','Mississippi',1606280),
('Alexandria','Virginia',1594280),
('Hayward','California',1592030),
('Clarksville','Tennessee',1581460),
('Lakewood','Colorado',1579350),
('Lancaster','California',1576010),
('Salinas','California',1554650),
('Palmdale','California',1550790),
('Hollywood','Florida',1548170),
('Springfield','Massachusetts',1536060),
('Macon','Georgia',1531590),
('Kansas City','Kansas',1529600),
('Sunnyvale','California',1527030),
('Pomona','California',1516910),
('Killeen','Texas',1516660),
('Escondido','California',1516250),
('Pasadena','Texas',1512270),
('Naperville','Illinois',1484490),
('Bellevue','Washington',1481640),
('Joliet','Illinois',1473440),
('Murfreesboro','Tennessee',1469000),
('Midland','Texas',1460380),
('Rockford','Illinois',1456090),
('Paterson','New Jersey',1452330),
('Savannah','Georgia',1444640),
('Bridgeport','Connecticut',1443990),
('Torrance','California',1435920),
('McAllen','Texas',1432680),
('Syracuse','New York',1423270),
('Surprise','Arizona',1416640),
('Denton','Texas',1415410),
('Roseville','California',1415000),
('Thornton','Colorado',1414640),
('Miramar','Florida',1411910),
('Pasadena','California',1410290),
('Mesquite','Texas',1409370),
('Olathe','Kansas',1405450),
('Dayton','Ohio',1404070),
('Carrollton','Texas',1392480),
('Waco','Texas',1392360),
('Orange','California',1386690),
('Fullerton','California',1386320),
('Charleston','South Carolina',1375660),
('West Valley City','Utah',1352480),
('Visalia','California',1346050),
('Hampton','Virginia',1345100),
('Gainesville','Florida',1339970),
('Warren','Michigan',1339430),
('Coral Springs','Florida',1337590),
('Cedar Rapids','Iowa',1335620),
('Round Rock','Texas',1333720),
('Sterling Heights','Michigan',1324380),
('Kent','Washington',1323190),
('Columbia','South Carolina',1316740),
('Santa Clara','California',1303650),
('New Haven','Connecticut',1302500),
('Stamford','Connecticut',1296380),
('Concord','California',1292950),
('Elizabeth','New Jersey',1292160),
('Athens','Georgia',1269130),
('Thousand Oaks','California',1268130),
('Lafayette','Louisiana',1261850),
('Simi Valley','California',1256130),
('Topeka','Kansas',1253100),
('Norman','Oklahoma',1248800),
('Fargo','North Dakota',1246620),
('Wilmington','North Carolina',1237440),
('Abilene','Texas',1234200),
('Odessa','Texas',1233340),
('Columbia','Missouri',1231950),
('Pearland','Texas',1224600),
('Victorville','California',1223850),
('Hartford','Connecticut',1221050),
('Vallejo','California',1216920),
('Allentown','Pennsylvania',1214420),
('Berkeley','California',1213630),
('Richardson','Texas',1213230),
('Arvada','Colorado',1212720),
('Ann Arbor','Michigan',1199800),
('Rochester','Minnesota',1189350),
('Cambridge','Massachusetts',1189270),
('Sugar Land','Texas',1184880),
('Lansing','Michigan',1182100),
('Evansville','Indiana',1179790),
('College Station','Texas',1179110),
('Fairfield','California',1171330),
('Clearwater','Florida',1169460),
('Beaumont','Texas',1168250),
('Independence','Missouri',1166720),
('Provo','Utah',1166180),
('West Jordan','Utah',1164800),
('Murrieta','California',1162230),
('Palm Bay','Florida',1155520),
('El Monte','California',1154870),
('Carlsbad','California',1153820),
('North Charleston','South Carolina',1153820),
('Temecula','California',1147610),
('Clovis','California',1145840),
('Springfield','Illinois',1142300),
('Meridian','Idaho',1141610),
('Westminster','Colorado',1131660),
('Costa Mesa','California',1130030),
('High Point','North Carolina',1127910),
('Manchester','New Hampshire',1126730),
('Pueblo','Colorado',1123610),
('Lakeland','Florida',1121360),
('Pompano Beach','Florida',1121180),
('West Palm Beach','Florida',1119550),
('Antioch','California',1115020),
('Everett','Washington',1114750),
('Downey','California',1111260),
('Lowell','Massachusetts',1109970),
('Centennial','Colorado',1109370),
('Elgin','Illinois',1108490),
('Richmond','California',1105670),
('Peoria','Illinois',1104170),
('Broken Arrow','Oklahoma',1101980),
('Miami Gardens','Florida',1100010),
('Billings','Montana',1095770),
('Jurupa Valley','California',1095270),
('Sandy Springs','Georgia',1094520),
('Gresham','Oregon',1093810),
('Lewisville','Texas',1092120),
('Hillsboro','Oregon',1091280),
('Ventura','California',1091060),
('Greeley','Colorado',1086490),
('Inglewood','California',1081510),
('Waterbury','Connecticut',1075680),
('League City','Texas',1075360),
('Santa Maria','California',1072630),
('Tyler','Texas',1069850),
('Davie','Florida',1063060),
('Daly City','California',1062800),
('Boulder','Colorado',1056730),
('Allen','Texas',1056230),
('West Covina','California',1051010),
('Sparks','Nevada',1050060),
('Wichita Falls','Texas',1046830),
('Green Bay','Wisconsin',1045780),
('San Mateo','California',1044300),
('Norwalk','California',1039490),
('Rialto','California',1035260),
('Las Cruces','New Mexico',103432),
('Chico','California',1033010),
('El Cajon','California',1027080),
('Burbank','California',1025110),
('South Bend','Indiana',1020260),
('Renton','Washington',1017510),
('Vista','California',1016380),
('Davenport','Iowa',1015900),
('Edinburg','Texas',1011700),
('Tuscaloosa','Alabama',1011290),
('Carmel','Indiana',1010680),
('Spokane Valley','Washington',1010600),
('San Angelo','Texas',1010040),
('Vacaville','California',1006700),
('Bend','Oregon',1004210)

GO



--
-- Inserting data into table dbo.Store
--





INSERT dbo.Store(Store_Number, Phone_Number, Childcare_Flag, Restaurant_Flag, Snackbar_Flag, Street_Address, City_Name, State_Name, Limit_Mins) VALUES

('Store1','2329395258',0,1,0,'AbbotsfordAvenue','San Diego','California',NULL),
('Store2','8295303867',0,0,1,'AbingerPlace','Austin','Texas',NULL),
('Store3','7657584349',0,0,0,'AbingtonAvenue','Chicago','Illinois',NULL),
('Store4','8260260752',0,1,1,'AbingtonAvenueE','Raleigh','North Carolina',NULL),
('Store5','4073648238',0,0,1,'AbingtonAvenueW','Tulsa','Oklahoma',NULL),
('Store6','7133239927',0,1,0,'AcademyStreet','Atlanta','Georgia',NULL),
('Store7','8872148510',1,1,0,'AcademyStreet','St. Petersburg','Florida',5),
('Store8','9905552511',0,0,0,'AdamsStreet','Raleigh','North Carolina',NULL),
('Store9','2367640058',0,0,1,'AdamsStreet','Tucson','Arizona',NULL),
('Store10','5479895741',1,1,1,'AgatePlace','Henderson','Nevada',20),
('Store11','9522696165',1,0,0,'AirportInterchangeStreet','Durham','North Carolina',10),
('Store12','3920940325',1,0,0,'AlbertAvenue','New Orleans','Louisiana',10),
('Store13','6959462988',0,1,0,'AldineStreet','Houston','Texas',NULL),
('Store14','3411729511',0,0,0,'AlexanderStreet','Santa Ana','California',NULL),
('Store15','5381317972',0,0,1,'AlleghanyAvenue','Arlington','Texas',NULL),
('Store16','6855447566',1,0,1,'AllingStreet','Austin','Texas',25),
('Store17','8878196676',1,1,0,'AlyeaStreet','Plano','Texas',35),
('Store18','3792685534',0,1,0,'AmityPlace','New Orleans','Louisiana',NULL),
('Store19','8496894314',1,0,0,'AmsterdamStreet','Lexington','Kentucky',30),
('Store20','6637552643',1,1,0,'AnnStreet','Fort Wayne','Indiana',25),
('Store21','9590964429',1,1,0,'AnthonyStreet','Laredo','Texas',60),
('Store22','6068879211',1,1,1,'ArdleyCourt','Laredo','Texas',20),
('Store23','2612277479',0,1,1,'ArlingtonAvenue','Portland','Oregon',NULL),
('Store24','3704573232',1,1,1,'ArlingtonStreet','Honolulu','Hawaii',15),
('Store25','2129003843',0,1,0,'ArsdalePlace','Lubbock','Texas',NULL),
('Store26','5344281492',0,0,0,'ArthurSColesSrPlaza','Santa Ana','California',NULL),
('Store27','4867064844',0,1,1,'AshbyLane','Madison','Wisconsin',NULL),
('Store28','2430872617',0,1,1,'AshlandStreet','Plano','Texas',NULL),
('Store29','4837184400',0,0,0,'AstorStreet','Gilbert','Arizona',NULL),
('Store30','4683721582',1,1,1,'AtlanticStreet','Tucson','Arizona',45),
('Store31','9547027827',0,0,1,'AustinStreet','Anchorage','Alaska',NULL),
('Store32','4828540403',1,0,1,'AvenueA','Tampa','Florida',40),
('Store33','4429793592',1,1,0,'AvenueAAvenue','Irving','Texas',35),
('Store34','2173590631',1,1,0,'AvenueB','Garland','Texas',30),
('Store35','2442693849',1,1,1,'AvenueBAvenue','Cleveland','Ohio',20),
('Store36','3488814136',0,0,0,'AvenueC','Toledo','Ohio',NULL),
('Store37','7697385053',0,0,1,'AvenueI','Memphis','Tennessee',NULL),
('Store38','3039926486',1,1,1,'AvenueK','Lexington','Kentucky',15),
('Store39','7791354066',0,0,0,'AvenueL','Madison','Wisconsin',NULL),
('Store40','9905718227',1,0,1,'AvenueP','Greensboro','North Carolina',15),
('Store41','6389124103',0,1,1,'AvonAvenue','Jersey City','New Jersey',NULL),
('Store42','2567161497',1,1,1,'BackusStreet','Madison','Wisconsin',15),
('Store43','9873177081',1,1,1,'BadgerAvenue','Chandler','Arizona',20),
('Store44','6456887335',1,0,1,'BadgerAvenue','Fremont','California',20),
('Store45','8604730270',1,1,0,'BaldwinAvenue','Aurora','Colorado',20),
('Store46','5689544563',0,1,1,'BaldwinStreet','Los Angeles','California',NULL),
('Store47','5606893309',1,1,1,'BallantinePkwy','Cincinnati','Ohio',60),
('Store48','5383116890',0,1,1,'BankStreet','Anaheim','California',NULL),
('Store49','9624203054',1,0,1,'BarbaraStreet','Fort Wayne','Indiana',60),
('Store50','4346744842',0,0,1,'BarclayStreet','Tampa','Florida',NULL),
('Store51','9148358344',0,0,1,'BarclayStreet','Buffalo','New York',NULL),
('Store52','2495651393',0,1,0,'BathgatePlace','Tampa','Florida',NULL),
('Store53','7535736642',1,0,0,'BayardPlace','Madison','Wisconsin',20),
('Store54','4747117290',0,1,0,'BayviewAvenue','Durham','North Carolina',NULL),
('Store55','4360840671',0,0,1,'BeachStreet','Austin','Texas',NULL),
('Store56','2663790626',1,0,1,'BeaconStreet','Jersey City','New Jersey',20),
('Store57','5528238846',1,1,1,'BeamanPlaza','Irving','Texas',20),
('Store58','7897590265',1,1,0,'BeardsleyAvenue','Lubbock','Texas',20),
('Store59','9292571053',1,1,0,'BeaumontPlace','Lubbock','Texas',20),
('Store60','3729755127',0,1,1,'BeaverStreet','Madison','Wisconsin',NULL),
('Store61','9433162726',0,0,1,'BedfordStreet','Reno','Nevada',NULL),
('Store62','4150420556',0,1,1,'BeecherStreet','Madison','Wisconsin',NULL),
('Store63','2190374714',1,1,1,'BelgiumStreet','Orlando','Florida',15),
('Store64','6061075208',1,1,0,'BellairPlace','Indianapolis','Indiana',15),
('Store65','9089801337',1,1,1,'BelmontAvenue','Wichita','Kansas',15),
('Store66','3996593829',1,1,1,'BelmontAvenue','Anaheim','California',15),
('Store67','2133691725',1,0,0,'BelmontAvenue','Raleigh','North Carolina',15),
('Store68','3018058421',0,0,1,'BelmontTerrace','Corpus Christi','Texas',NULL),
('Store69','5377025951',1,1,1,'BergenStreet','Madison','Wisconsin',5),
('Store70','6552826260',0,0,1,'BergenStreet','Albuquerque','New Mexico',NULL),
('Store71','6692789477',0,1,0,'BergenStreet','Pittsburgh','Pennsylvania',NULL),
('Store72','8544183856',0,0,0,'BergenStreet','Irvine','California',NULL),
('Store73','9276577880',1,1,0,'BerkeleyAvenue','El Paso','Texas',5),
('Store74','6526122032',1,0,1,'BerkeleyAvenue','Atlanta','Georgia',5),
('Store75','4649656626',1,1,1,'BerlinStreet','Tucson','Arizona',5),
('Store76','8500642434',1,0,0,'BerthaCourt','Lincoln','Nebraska',5),
('Store77','3148899544',0,0,0,'BeverlyStreet','Aurora','Colorado',NULL),
('Store78','5207041217',0,1,1,'BirksPlace','Jacksonville','Florida',NULL),
('Store79','6340019729',1,0,0,'BishopChandlerOwensPlaza','Portland','Oregon',5),
('Store80','4262914763',0,1,0,'BishopHowardSmithPlaza','Portland','Oregon',NULL),
('Store81','4595310876',0,0,1,'BishopParrottPlaza','Indianapolis','Indiana',NULL),
('Store82','3191998863',0,1,1,'BlanchardStreet','Charlotte','North Carolina',NULL),
('Store83','5165789946',1,0,0,'BleekerStreet','Portland','Oregon',5),
('Store84','4799528498',1,1,0,'BleekerStreet','Las Vegas','Nevada',5),
('Store85','9068754395',0,0,0,'BloomfieldAvenue','Winston–Salem','North Carolina',NULL),
('Store86','4418488375',1,1,1,'BloomfieldAvenue','San Diego','California',10),
('Store87','2923648942',1,1,0,'BloomfieldPlace','Seattle','Washington',10),
('Store88','8112304643',0,1,0,'BlumStreet','Oakland','California',NULL),
('Store89','7744334854',1,0,1,'BockAvenue','Durham','North Carolina',10),
('Store90','9831548633',0,1,0,'BondStreet','Chula Vista','California',NULL),
('Store91','3821313924',0,0,1,'BostonCourt','Arlington','Texas',NULL),
('Store92','9873974076',0,0,0,'BostonStreet','Columbus','Ohio',NULL),
('Store93','2190540614',0,0,0,'BoydStreet','Columbus','Ohio',NULL),
('Store94','6839895132',1,1,0,'BoydStreet','Durham','North Carolina',10),
('Store95','8467838216',0,1,1,'BoydenStreet','Lincoln','Nebraska',NULL),
('Store96','6497493326',1,1,1,'BoylanStreet','Buffalo','New York',10),
('Store97','6352684228',1,0,1,'BragawAvenue','Gilbert','Arizona',10),
('Store98','7985479106',1,0,1,'BranchBrookPlace','North Las Vegas','Nevada',10),
('Store99','8503212225',1,0,1,'BranfordPlace','Dallas','Texas',10),
('Store100','7939424974',0,0,0,'BranfordStreet','North Las Vegas','Nevada',NULL)

GO



--
-- Inserting data into table dbo.Campaign
--
INSERT dbo.Campaign([Date], [Description]) VALUES
('2021-01-01','Campaign1'),
('2021-01-02','Campaign1'),
('2021-01-03','Campaign1'),
('2021-01-04','Campaign2'),
('2021-01-05','Campaign2'),
('2021-01-06','Campaign2'),
('2021-01-07','Campaign2'),
('2021-01-08','Campaign3'),
('2021-01-09','Campaign3'),
('2021-01-10','Campaign4'),
('2021-01-21','Campaign5'),
('2021-01-22','Campaign6'),
('2021-02-02','Campaign7'),
('2021-02-03','Campaign8'),
('2020-02-02','Campaign9')

GO

--
-- Inserting data into table dbo.Category
--
use [cs6400_Sp21_team052]
INSERT dbo.Category(PID, Category_Name) VALUES
('PID1','Outdoor Furniture'),
('PID1','Chairs'),
('PID2','Office Furniture'),
('PID2','Sofa'),
('PID3','Sofa'),
('PID3','Couches and Sofas'),
('PID4','Sofa'),
('PID5','Bed'),
('PID6','Chairs'),
('PID7','Office Furniture'),
('PID8','Bed'),
('PID9','Couches and Sofas'),
('PID10','Bed'),
('PID11','Dining'),
('PID12','Chairs'),
('PID13','TV Stand'),
('PID14','Office Furniture'),
('PID15','Sofa'),
('PID15','Office Furniture'),
('PID16','Dining'),
('PID17','Office Furniture'),
('PID18','Bed'),
('PID19','TV Stand'),
('PID20','Sofa'),
('PID21','TV Stand'),
('PID22','Bed'),
('PID23','TV Stand'),
('PID24','TV Stand'),
('PID25','TV Stand'),
('PID26','Office Furniture'),
('PID27','TV Stand'),
('PID28','Office Furniture'),
('PID29','Bed'),
('PID30','Office Furniture'),
('PID31','Sofa'),
('PID32','Bed'),
('PID33','TV Stand'),
('PID34','Outdoor Furniture'),
('PID35','Couches and Sofas'),
('PID36','Couches and Sofas'),
('PID37','Dining'),
('PID38','TV Stand'),
('PID39','Outdoor Furniture'),
('PID40','TV Stand'),
('PID41','Office Furniture'),
('PID42','Bed'),
('PID43','Tables'),
('PID44','Bed'),
('PID45','Chairs'),
('PID46','Outdoor Furniture'),
('PID47','Chairs'),
('PID48','Chairs'),
('PID49','Tables'),
('PID50','TV Stand')
GO

--
-- Inserting data into table dbo.Discount
--
INSERT dbo.Discount(PID, Discount_Date,Discount_Price) VALUES
('PID1','2021-01-01',108),
('PID2','2021-01-02',188),
('PID3','2021-01-03',13700),
('PID4','2021-01-04',133),
('PID5','2021-01-05',147),
('PID6','2021-01-06',166),
('PID7','2021-01-07',165),
('PID8','2021-01-08',194),
('PID9','2021-01-09',1430),
('PID10','2021-01-10',120),
('PID11','2021-01-21',197),
('PID12','2021-01-22',184),
('PID13','2021-02-02',195),
('PID14','2021-02-03',174),
('PID15','2020-02-02',122),
('PID1','2021-01-13',180),
('PID2','2021-01-14',156),
('PID3','2021-01-15',177),
('PID4','2021-01-15',175),
('PID5','2021-01-15',175),
('PID31','2021-01-15',108),
('PID32','2021-01-15',120),
('PID33','2021-01-15',104),
('PID34','2021-01-15',195),
('PID35','2021-01-15',12500),
('PID36','2021-01-15',16500),
('PID37','2021-01-15',148),
('PID38','2021-01-15',141),
('PID39','2021-01-15',10600),
('PID40','2021-01-15',170),
('PID41','2021-01-15',162),
('PID42','2021-01-18',115),
('PID43','2021-01-18',147),
('PID44','2021-01-18',184),
('PID45','2021-01-18',182),
('PID46','2021-01-18',151),
('PID47','2021-01-18',144),
('PID48','2021-01-18',194),
('PID49','2021-01-18',113),
('PID50','2021-01-18',161)

GO

--
-- Inserting data into table dbo.Holiday
--
INSERT dbo.Holiday(Holiday_Name, [Date]) VALUES
('New Years Eve','2021-01-01'),
('Store 1year Anniversary','2021-01-20')
GO

--
-- Inserting data into table dbo.Sale
--
INSERT dbo.Sale(PID, Store_Number, [Date], Quantity) VALUES
('PID1','Store54','2021-01-02',500),
('PID1','Store90','2021-01-07',500),
('PID2','Store100','2021-01-09',300),
('PID2','Store36','2021-01-09',400),
('PID3','Store1','2021-01-03',200),
('PID3','Store1','2021-01-23',220),
('PID3','Store63','2021-01-17',100),
('PID4','Store44','2021-01-01',500),
('PID5','Store56','2021-01-15',100),
('PID6','Store32','2021-01-31',400),
('PID7','Store13','2021-01-25',300),
('PID8','Store89','2021-01-20',300),
('PID9','Store61','2021-01-09',500),
('PID9','Store62','2021-01-24',500),
('PID10','Store87','2021-01-13',400),
('PID11','Store18','2021-01-17',200),
('PID12','Store54','2021-01-12',500),
('PID13','Store21','2021-01-26',5000),
('PID14','Store51','2021-01-02',300),
('PID15','Store34','2021-01-26',100),
('PID16','Store40','2021-01-09',1000),
('PID17','Store93','2021-01-27',300),
('PID18','Store63','2021-01-06',300),
('PID19','Store37','2021-01-06',200),
('PID20','Store31','2021-01-20',100),
('PID21','Store17','2021-01-29',200),
('PID22','Store90','2021-01-01',200),
('PID23','Store4','2021-01-31',400),
('PID24','Store100','2021-01-25',500),
('PID25','Store26','2021-01-06',100),
('PID26','Store28','2021-01-18',2000),
('PID27','Store21','2021-01-19',300),
('PID28','Store30','2021-01-11',500),
('PID29','Store44','2021-01-17',300),
('PID30','Store88','2021-01-14',100),
('PID31','Store33','2021-01-25',500),
('PID32','Store10','2021-01-18',500),
('PID33','Store83','2021-01-16',200),
('PID34','Store20','2021-01-15',100),
('PID35','Store98','2021-01-15',500),
('PID35','Store99','2021-01-25',150),
('PID36','Store88','2021-01-15',300),
('PID36','Store89','2021-01-16',130),
('PID37','Store10','2021-01-17',500),
('PID38','Store71','2021-01-25',400),
('PID39','Store8','2021-01-29',200),
('PID40','Store49','2021-01-06',100),
('PID41','Store78','2021-01-19',300),
('PID42','Store49','2021-01-14',100),
('PID43','Store75','2021-01-31',500),
('PID44','Store76','2021-01-11',100),
('PID45','Store51','2021-01-16',400),
('PID46','Store46','2021-01-09',200),
('PID47','Store80','2021-01-08',200),
('PID48','Store88','2021-01-12',100),
('PID49','Store41','2021-01-11',500),
('PID50','Store95','2021-01-27',200),
('PID1','Store95','2019-02-02',4000),
('PID2','Store43','2021-02-03',100),
('PID3','Store5','2021-02-08',500),
('PID3','Store7','2021-02-16',200),
('PID4','Store70','2021-02-15',400),
('PID5','Store39','2021-02-02',300),
('PID6','Store72','2021-02-20',100),
('PID7','Store21','2021-02-06',500),
('PID8','Store34','2021-02-02',3000),
('PID9','Store6','2021-02-06',100),
('PID10','Store37','2021-02-11',1000),
('PID11','Store64','2021-02-17',100),
('PID12','Store22','2021-02-17',500),
('PID13','Store69','2021-02-05',300),
('PID14','Store81','2021-02-13',400),
('PID15','Store95','2021-02-12',300),
('PID16','Store28','2021-02-11',400),
('PID17','Store28','2021-02-27',100),
('PID18','Store93','2021-02-16',200),
('PID19','Store81','2021-02-20',400),
('PID20','Store95','2021-02-07',100),
('PID21','Store99','2021-02-28',300),
('PID22','Store3','2021-02-24',300),
('PID23','Store27','2021-02-03',200),
('PID24','Store58','2020-02-02',3000),
('PID25','Store69','2021-02-22',300),
('PID26','Store32','2021-02-17',100),
('PID27','Store15','2021-02-10',100),
('PID28','Store46','2021-02-25',300),
('PID29','Store86','2021-02-19',300),
('PID30','Store94','2021-02-16',300),
('PID31','Store14','2021-02-22',100),
('PID32','Store54','2021-02-01',500),
('PID33','Store67','2021-02-17',400),
('PID34','Store36','2020-02-02',4000),
('PID35','Store71','2021-02-20',300),
('PID36','Store39','2021-02-10',100),
('PID37','Store62','2021-02-16',200),
('PID38','Store78','2021-02-02',2000),
('PID39','Store27','2021-02-02',1000),
('PID40','Store29','2021-02-27',400),
('PID41','Store56','2021-02-13',100),
('PID42','Store42','2021-02-25',500),
('PID43','Store41','2021-02-08',100),
('PID44','Store62','2021-02-07',400),
('PID45','Store51','2021-02-02',5000),
('PID46','Store63','2019-02-02',1000),
('PID47','Store58','2021-02-11',500),
('PID48','Store86','2021-02-23',300),
('PID49','Store40','2021-02-10',300),
('PID50','Store56','2021-02-08',200)

GO

update Product set Retail_Price=Retail_Price*1.1
update Discount set Discount_Price=Discount_Price*1.1